Study ID,Visit No.,Age (yrs),Sex,Marital Status,Occupation,Education Level,Avg Income,ART Regimen,ART Duration (months),Weight (kg),Height (cm),BP Systolic (mmHg),BP Diastolic (mmHg),Waist Circ. (cm),Smoker (Y/N),Cigarettes / Day,Drinker (Y/N),Pints / Day,Illicit Drug Use (Y/N),Food (Last 24 hrs),Exercise Program (Y/N),Exercise Frequency/week,Chronic Disease (Y/N),Chronic Condition(s),Chronic Disease Meds,Herbal Use (Y/N),Herb Name,Sleep (hrs/day),Stress Level,Viral Load (copies/mL),CD4 at ART Init (cells/µL),Sample Type,HbA1c (%),Glyc. Albumin (GA) g/L,TC (mmol/L),HDL (mmol/L),TG (mmol/L),LDL (mmol/L),Albumin (ALB) g/L,GA % (GA/ALB x100),GA / HbA1c Ratio,AIP (log10 TG/HDL)
SYN-001,3,39,Male,Single,unemployed,Primary,10.0,TLD,>6,53.8,163.0,133,88,,No,0,No,0,No,Not recorded (synthetic),No,Never,No,No,no,No,,,8.0,<20,,Whole Blood & Serum,5.46,4.79,2.89,0.54,0.61,2.07,36,13.3056,2.4369,0.0529
SYN-002,3,58,Female,Married,self employed,Primary,170.0,TLD,>6,56.9,163.0,141,93,,No,0,Yes,2,No,Not recorded (synthetic),Yes,Never,No,No,no,No,,7.0,1.0,0,,Whole Blood & Serum,6.2,5.63,4.11,1.34,0.91,2.36,41,13.7317,2.2148,-0.1681
SYN-003,3,26,Female,Single,unemployed,Secondary,80.0,TLD,>6,71.4,163.0,115,87,,No,0,No,0,No,Not recorded (synthetic),Yes,,No,No,no,No,,,6.0,<20,281.0,Whole Blood & Serum,7.57,7.12,4.14,1.58,0.44,2.36,36,19.7778,2.6127,-0.5552
SYN-004,3,48,Female,Married,unemployed,Secondary,100.0,TLD,>6,45.7,155.0,123,82,55.0,No,0,No,0,No,Not recorded (synthetic),No,More than 3 times,No,No,no,No,,7.0,1.0,0,,Whole Blood & Serum,5.47,4.98,4.47,0.96,0.31,3.37,38,13.1053,2.3959,-0.4909
SYN-005,3,50,Female,Married,vendor,Tertiary,400.0,TLD,>6,82.4,174.0,132,75,,No,0,No,0,No,Not recorded (synthetic),Yes,,Yes,HPT,"Amlodipine, Losartan",No,,9.0,7.0,<20,55.0,Whole Blood & Serum,5.67,3.84,4.81,1.14,2.15,2.69,33,11.6364,2.0523,0.2755
SYN-006,3,44,Female,Married,vendor,Secondary,100.0,TLD,>6,67.5,157.0,119,81,67.0,No,0,No,0,No,Not recorded (synthetic),Yes,More than 3 times,No,No,no,No,,,,<20,237.0,Whole Blood & Serum,4.72,2.49,2.96,0.76,0.46,1.99,28,8.8929,1.8841,-0.2181
SYN-007,2,52,Female,Married,hairdresser,Secondary,,TLD,>6,77.8,156.0,146,80,88.0,No,0,No,0,No,Not recorded (synthetic),Yes,,No,No,no,No,,8.0,,0,,Whole Blood & Serum,5.61,6.49,4.79,1.16,1.68,2.87,43,15.093,2.6904,0.1609
SYN-008,3,34,Male,Single,self employed,Secondary,90.0,TLD,>6,59.5,177.0,138,79,,No,0,No,0,No,Not recorded (synthetic),Yes,,No,No,no,No,,,3.0,0,,Whole Blood & Serum,5.4,4.32,4.42,0.71,0.3,3.57,39,11.0769,2.0513,-0.3741
SYN-009,3,31,Female,Widowed,unemployed,Secondary,120.0,TLD,>6,74.1,168.0,124,67,,No,0,No,0,No,Not recorded (synthetic),No,Twice,No,No,no,No,,,2.0,<20,,Whole Blood & Serum,5.35,5.16,4.58,1.0,0.43,3.38,39,13.2308,2.473,-0.3665
SYN-010,3,51,Male,Married,vendor,Tertiary,120.0,TLD,>6,68.9,164.0,122,72,,No,0,No,0,No,Not recorded (synthetic),Yes,,No,No,no,No,,7.0,7.0,<20,,Whole Blood & Serum,6.33,4.4,4.91,1.08,1.23,3.27,34,12.9412,2.0444,0.0565
SYN-011,3,47,Female,Married,self employed,Tertiary,300.0,TLD,>6,88.5,157.0,128,77,84.0,No,0,No,0,No,Not recorded (synthetic),No,,Yes,HPT,HCT,No,,7.0,10.0,<20,,Whole Blood & Serum,5.44,2.51,3.04,0.75,2.3,1.24,31,8.0968,1.4884,0.4867
SYN-012,2,55,Female,Married,housewife,Secondary,200.0,TLD,>6,61.2,164.0,156,90,,No,0,No,0,No,Not recorded (synthetic),No,Never,Yes,HPT,HCT,No,,9.0,2.0,<20,66.0,Whole Blood & Serum,5.77,4.96,2.3,0.68,0.37,1.45,36,13.7778,2.3878,-0.2643
SYN-013,3,41,Female,Single,unemployed,Primary,340.0,TLD,>6,45.6,152.0,117,91,,No,0,No,0,No,Not recorded (synthetic),Yes,More than 3 times,No,No,no,No,,6.0,3.0,<20,,Whole Blood & Serum,4.92,4.58,4.3,0.86,0.3,3.3,37,12.3784,2.5159,-0.4574
SYN-014,3,58,Female,Married,unemployed,Secondary,50.0,TLD,>6,73.8,156.0,123,80,,No,0,No,0,No,Not recorded (synthetic),No,Once,Yes,HPT,HCT,No,,7.0,3.0,0,870.0,Whole Blood & Serum,5.35,5.57,5.72,0.8,1.21,4.37,38,14.6579,2.7398,0.1797
SYN-015,3,36,Female,Single,security guard,Secondary,270.0,TLD,>6,49.7,156.0,103,73,98.0,No,0,No,0,No,Not recorded (synthetic),No,Never,No,No,no,No,,8.0,,<20,,Whole Blood & Serum,5.12,3.77,3.23,0.86,0.69,2.06,36,10.4722,2.0454,-0.0956
SYN-016,3,27,Female,Married,housewife,Primary,150.0,TLD,>6,44.6,158.0,111,75,86.0,No,0,No,0,No,Not recorded (synthetic),Yes,Once,Yes,Arthritis,no,No,,9.0,8.0,0,170.0,Whole Blood & Serum,6.14,4.89,3.02,0.68,0.3,2.2,40,12.225,1.991,-0.3554
SYN-017,2,19,Female,Single,vendor,Secondary,170.0,TLD,>6,71.7,160.0,138,99,,No,0,Yes,3,No,Not recorded (synthetic),No,Never,No,No,no,No,,8.0,3.0,<20,,Whole Blood & Serum,6.05,6.65,3.66,1.31,1.97,1.45,37,17.973,2.9707,0.1772
SYN-018,3,26,Female,Single,self employed,Secondary,320.0,TLD,>6,77.7,173.0,140,79,72.0,No,0,No,0,No,Not recorded (synthetic),No,Once,No,No,no,No,,7.0,2.0,<20,,Whole Blood & Serum,5.7,3.8,4.59,0.87,0.3,3.58,37,10.2703,1.8018,-0.4624
SYN-019,3,48,Male,Married,self employed,Secondary,,TLD,>6,38.8,172.0,132,89,81.0,Yes,14,No,0,No,Not recorded (synthetic),No,Never,No,No,no,No,,8.0,5.0,<20,8.0,Whole Blood & Serum,6.07,4.88,4.77,1.04,0.43,3.53,40,12.2,2.0099,-0.3836
SYN-020,3,22,Male,Married,unemployed,Secondary,130.0,TLD,>6,56.7,173.0,106,65,,No,0,Yes,2,No,Not recorded (synthetic),Yes,,No,No,no,Yes,,8.0,2.0,<20,,Whole Blood & Serum,5.72,4.19,2.58,0.56,0.3,1.88,34,12.3235,2.1545,-0.2711
SYN-021,3,34,Female,Single,driver,Secondary,80.0,TLD,>6,49.1,160.0,133,83,,No,0,No,0,No,Not recorded (synthetic),Yes,Never,No,No,no,No,,8.0,4.0,0,,Whole Blood & Serum,4.89,3.83,3.47,0.8,0.3,2.53,37,10.3514,2.1169,-0.426
SYN-022,3,63,Female,Single,security guard,Secondary,370.0,TLD,>6,89.2,167.0,140,91,,No,0,Yes,4,No,Not recorded (synthetic),No,Never,No,No,no,No,,8.0,4.0,<20,29.0,Whole Blood & Serum,5.8,4.43,3.99,1.53,3.39,0.92,35,12.6571,2.1823,0.3455
SYN-023,3,49,Female,Married,self employed,Secondary,350.0,TLD,>6,97.1,164.0,148,80,74.0,No,0,No,0,No,Not recorded (synthetic),No,,No,No,no,No,,8.0,,30,92.0,Whole Blood & Serum,5.81,3.25,4.66,0.73,1.1,3.43,34,9.5588,1.6452,0.1781
SYN-024,3,60,Male,Married,security guard,Secondary,30.0,TLD,>6,136.5,178.0,180,102,,No,0,No,0,No,Not recorded (synthetic),Yes,Once,Yes,HPT,Nifedipine,No,,,7.0,0,,Whole Blood & Serum,5.52,4.21,5.05,0.99,1.94,3.18,41,10.2683,1.8602,0.2922
SYN-025,3,28,Female,Single,administrator,Secondary,100.0,TLD,>6,80.5,170.0,122,79,,No,0,Yes,1,No,Not recorded (synthetic),Yes,Never,No,No,no,No,,9.0,,<20,,Whole Blood & Serum,5.63,4.8,2.96,1.77,6.5,0.6,40,12.0,2.1314,0.5649
SYN-026,3,19,Female,Married,unemployed,Tertiary,120.0,TLD,>6,42.7,154.0,96,71,,No,0,No,0,No,Not recorded (synthetic),Yes,Never,No,No,no,No,,10.0,1.0,<20,,Whole Blood & Serum,5.26,5.0,2.83,0.95,0.3,1.74,38,13.1579,2.5015,-0.5006
SYN-027,3,56,Male,Single,hairdresser,Secondary,40.0,TLD,>6,53.7,160.0,160,94,,No,0,No,0,No,Not recorded (synthetic),Yes,More than 3 times,No,No,no,No,,8.0,5.0,<20,199.0,Whole Blood & Serum,5.35,4.77,4.57,1.43,1.3,2.55,40,11.925,2.229,-0.0414
SYN-028,3,23,Female,Married,self employed,Secondary,100.0,TLD,>6,49.0,161.0,115,98,95.0,Yes,8,No,0,No,Not recorded (synthetic),No,,No,No,no,No,,,1.0,0,,Whole Blood & Serum,5.02,4.95,3.42,0.72,0.53,2.46,37,13.3784,2.665,-0.1331
SYN-029,3,40,Female,Single,unemployed,Secondary,150.0,TLD,>6,73.4,162.0,128,97,,Yes,5,Yes,5,No,Not recorded (synthetic),No,Never,Yes,HPT,"Nifedipine, HCT",No,,6.0,1.0,<20,,Whole Blood & Serum,5.48,4.91,3.32,0.82,0.48,2.28,40,12.275,2.24,-0.2326
SYN-030,3,41,Male,Divorced,driver,Tertiary,700.0,TLD,>6,99.7,173.0,112,57,,No,0,No,0,No,Not recorded (synthetic),No,,No,No,no,No,,9.0,1.0,0,,Whole Blood & Serum,5.42,3.79,3.61,0.89,1.15,2.2,34,11.1471,2.0567,0.1113
SYN-031,3,28,Male,Married,retired,Secondary,290.0,TLD,>6,43.6,167.0,128,83,,No,0,Yes,2,No,Not recorded (synthetic),No,Never,No,No,no,No,,6.0,2.0,<20,,Whole Blood & Serum,5.52,3.77,4.23,0.77,0.73,3.13,36,10.4722,1.8971,-0.0232
SYN-032,3,57,Female,Divorced,security guard,Secondary,140.0,TLD,>6,78.2,159.0,155,98,,No,0,No,0,No,Not recorded (synthetic),Yes,Twice,Yes,HPT,HCT,No,,8.0,1.0,30,,Whole Blood & Serum,6.08,3.82,4.05,1.05,1.84,2.16,37,10.3243,1.6981,0.2436
SYN-033,3,57,Female,Divorced,administrator,Secondary,550.0,TLD,>6,90.3,165.0,145,92,,No,0,No,0,No,Not recorded (synthetic),No,Never,No,No,no,No,,6.0,4.0,30,,Whole Blood & Serum,5.46,3.07,4.24,0.56,1.51,2.99,33,9.303,1.7038,0.4308
SYN-034,3,45,Female,Married,unemployed,Secondary,100.0,TLD,>6,74.9,165.0,148,102,,No,0,No,0,No,Not recorded (synthetic),Yes,More than 3 times,No,No,no,No,,9.0,1.0,0,,Whole Blood & Serum,5.28,3.31,3.43,0.69,0.57,2.48,34,9.7353,1.8438,-0.083
SYN-035,3,39,Female,Married,vendor,Secondary,100.0,TLD,>6,147.2,170.0,140,64,82.0,No,0,No,0,No,Not recorded (synthetic),Yes,,No,No,no,No,,8.0,,<20,304.0,Whole Blood & Serum,5.62,4.91,4.46,1.4,2.27,2.03,33,14.8788,2.6475,0.2099
SYN-036,3,41,Female,Single,security guard,Secondary,210.0,TLD,>6,61.3,147.0,150,83,,No,0,No,0,No,Not recorded (synthetic),No,Never,No,No,no,No,,8.0,1.0,<20,180.0,Whole Blood & Serum,5.71,3.88,3.56,0.98,3.74,0.88,38,10.2105,1.7882,0.5816
SYN-037,3,26,Female,Single,self employed,Secondary,300.0,TLD,>6,53.5,150.0,133,96,,No,0,No,0,No,Not recorded (synthetic),No,More than 3 times,No,No,no,Yes,,7.0,8.0,<20,,Whole Blood & Serum,6.47,4.17,3.9,1.1,0.99,2.35,35,11.9143,1.8415,-0.0458
SYN-038,3,36,Female,Married,vendor,Secondary,60.0,TLD,>6,82.5,171.0,154,103,,No,0,No,0,No,Not recorded (synthetic),Yes,More than 3 times,No,No,no,No,,8.0,1.0,<20,,Whole Blood & Serum,5.11,5.04,4.03,1.57,2.79,1.19,37,13.6216,2.6657,0.2497
SYN-039,3,38,Female,Married,hairdresser,Tertiary,190.0,TLD,>6,60.1,165.0,103,89,,No,0,No,0,No,Not recorded (synthetic),Yes,,No,No,no,No,,,1.0,<20,206.0,Whole Blood & Serum,7.0,5.04,3.6,0.56,0.3,2.9,38,13.2632,1.8947,-0.2711
SYN-040,3,29,Male,Married,retired,Secondary,120.0,TLD,>6,55.0,171.0,102,83,69.0,Yes,12,Yes,4,No,Not recorded (synthetic),No,More than 3 times,No,No,no,No,,,3.0,<20,,Whole Blood & Serum,5.85,4.73,3.03,0.37,0.3,2.52,36,13.1389,2.246,-0.0911
SYN-041,3,49,Female,Married,self employed,Secondary,280.0,TLD,>6,72.4,159.0,148,80,,No,0,No,0,No,Not recorded (synthetic),No,Once,Yes,HPT,"Amlodipine, Losartan",No,,7.0,9.0,<20,,Whole Blood & Serum,5.96,3.08,4.11,1.61,4.31,0.6,36,8.5556,1.4355,0.4277
SYN-042,2,23,Male,Married,unemployed,Secondary,520.0,TLD,>6,86.9,170.0,130,91,,No,0,No,0,No,Not recorded (synthetic),Yes,Never,No,No,no,No,,,10.0,30,,Whole Blood & Serum,5.45,3.75,3.35,0.6,0.48,2.53,37,10.1351,1.8597,-0.0969
SYN-043,3,34,Male,Married,vendor,Secondary,230.0,TLD,>6,74.4,179.0,112,72,,No,0,No,0,No,Not recorded (synthetic),No,Never,No,No,no,No,,5.0,2.0,0,153.0,Whole Blood & Serum,5.6,4.92,4.71,0.93,0.3,3.64,38,12.9474,2.312,-0.4914
SYN-044,3,19,Female,Single,retired,Secondary,390.0,TLD,>6,67.5,155.0,123,81,,No,0,No,0,No,Not recorded (synthetic),No,Never,No,No,no,No,,8.0,2.0,0,65.0,Whole Blood & Serum,5.4,3.97,2.8,0.58,0.3,2.08,40,9.925,1.838,-0.2863
SYN-045,2,45,Male,Single,administrator,Secondary,50.0,TLD,>6,76.5,180.0,143,89,,No,0,Yes,5,No,Not recorded (synthetic),Yes,Never,No,No,no,No,,7.0,,<20,,Whole Blood & Serum,5.18,3.53,4.73,0.42,0.38,4.14,33,10.697,2.0651,-0.0435
SYN-046,3,48,Female,Married,housewife,Tertiary,30.0,TLD,>6,88.3,154.0,157,91,,No,0,No,0,No,Not recorded (synthetic),No,3 times,Yes,Arthritis,no,No,,8.0,,<20,,Whole Blood & Serum,5.58,4.42,5.18,0.92,4.17,2.36,37,11.9459,2.1408,0.6563
SYN-047,3,46,Female,Single,unemployed,Tertiary,,TLD,>6,70.9,162.0,137,82,,No,0,No,0,No,Not recorded (synthetic),Yes,,Yes,HPT,"Amlodipine, Losartan",No,,,,40,290.0,Whole Blood & Serum,5.46,3.22,4.67,1.09,1.7,2.81,33,9.7576,1.7871,0.193
SYN-048,3,73,Male,Married,teacher,Secondary,630.0,TLD,>6,98.7,174.0,150,98,,No,0,Yes,5,No,Not recorded (synthetic),No,,No,No,no,No,,6.0,,<20,,Whole Blood & Serum,5.3,4.89,5.33,0.71,0.92,4.2,41,11.9268,2.2503,0.1125
SYN-049,3,50,Female,Married,unemployed,Primary,120.0,TLD,>6,91.8,172.0,144,84,69.0,No,0,Yes,1,No,Not recorded (synthetic),Yes,Never,No,No,no,No,,10.0,4.0,<20,74.0,Whole Blood & Serum,5.48,3.63,3.99,0.44,0.57,3.29,31,11.7097,2.1368,0.1124
SYN-050,3,28,Female,Married,vendor,Secondary,150.0,TLD,>6,47.0,163.0,118,79,,No,0,No,0,No,Not recorded (synthetic),Yes,Once,No,No,no,No,,,,<20,16.0,Whole Blood & Serum,5.23,4.32,4.11,1.03,0.61,2.8,37,11.6757,2.2324,-0.2275
SYN-051,3,70,Female,Married,administrator,Secondary,290.0,TLD,>6,73.9,164.0,171,105,,No,0,No,0,No,Not recorded (synthetic),Yes,,Yes,HPT,HCT,Yes,,7.0,1.0,<20,145.0,Whole Blood & Serum,4.93,4.32,5.03,1.67,0.93,2.94,35,12.3429,2.5036,-0.2542
SYN-052,3,28,Female,Married,vendor,Tertiary,330.0,TLD,>6,105.7,172.0,125,76,,No,0,Yes,3,No,Not recorded (synthetic),Yes,Never,No,No,no,No,,7.0,7.0,129,193.0,Whole Blood & Serum,5.09,4.24,2.36,0.56,0.54,1.55,35,12.1143,2.38,-0.0158
SYN-053,3,48,Female,Single,vendor,Secondary,100.0,TLD,>6,63.8,156.0,134,82,,No,0,Yes,5,No,Not recorded (synthetic),Yes,Once,No,No,no,No,,5.0,3.0,1200,244.0,Whole Blood & Serum,5.49,5.57,3.89,1.19,1.03,2.23,38,14.6579,2.6699,-0.0627
SYN-054,2,48,Female,Married,vendor,Secondary,,TLD,>6,85.0,155.0,137,95,,No,0,No,0,No,Not recorded (synthetic),Yes,Once,Yes,HPT,Amlodipine,No,,7.0,2.0,<20,65.0,Whole Blood & Serum,4.34,3.73,3.14,1.02,1.34,1.51,38,9.8158,2.2617,0.1185
SYN-055,3,29,Female,Married,security guard,Secondary,70.0,TLD,>6,72.6,158.0,149,77,,No,0,No,0,No,Not recorded (synthetic),Yes,,No,No,no,No,,,1.0,0,,Whole Blood & Serum,5.48,3.9,2.3,0.54,0.3,1.62,34,11.4706,2.0932,-0.2553
SYN-056,2,55,Female,Single,self employed,Secondary,50.0,TLD,>6,45.9,160.0,123,74,,No,0,No,0,No,Not recorded (synthetic),Yes,More than 3 times,No,No,no,No,,5.0,5.0,<20,227.0,Whole Blood & Serum,5.75,4.09,4.31,1.28,1.62,2.29,38,10.7632,1.8719,0.1023
SYN-057,3,43,Female,Widowed,unemployed,Tertiary,130.0,TLD,>6,90.0,174.0,146,79,,Yes,7,No,0,No,Not recorded (synthetic),Yes,More than 3 times,No,No,no,No,,9.0,2.0,0,,Whole Blood & Serum,5.88,4.93,4.44,1.0,0.83,3.06,37,13.3243,2.266,-0.0809
SYN-058,3,46,Female,Married,unemployed,Secondary,300.0,TLD,>6,51.3,159.0,128,83,,No,0,No,0,No,Not recorded (synthetic),Yes,,No,No,no,No,,9.0,,30,151.0,Whole Blood & Serum,5.23,3.31,3.57,0.9,0.46,2.46,34,9.7353,1.8614,-0.2915
SYN-059,3,31,Male,Single,teacher,Secondary,250.0,TLD,>6,71.3,167.0,119,99,,No,0,No,0,No,Not recorded (synthetic),No,Never,No,No,no,No,,,,0,,Whole Blood & Serum,5.04,3.44,4.25,1.33,3.67,1.25,32,10.75,2.1329,0.4408
SYN-060,3,54,Female,Married,self employed,Secondary,220.0,TLD,>6,60.8,158.0,106,62,,No,0,No,0,No,Not recorded (synthetic),Yes,Never,No,No,no,No,,6.0,10.0,<20,,Whole Blood & Serum,5.59,4.86,4.79,0.95,0.86,3.45,39,12.4615,2.2292,-0.0432
SYN-061,3,29,Female,Married,vendor,Secondary,,TLD,>6,64.7,164.0,123,89,,No,0,No,0,No,Not recorded (synthetic),No,,No,No,no,No,,9.0,3.0,<20,,Whole Blood & Serum,4.86,4.18,3.85,1.38,0.38,2.3,38,11.0,2.2634,-0.5601
SYN-062,3,19,Male,Married,administrator,Secondary,190.0,TLD,>6,68.3,174.0,142,99,85.0,No,0,No,0,No,Not recorded (synthetic),No,More than 3 times,No,No,no,No,,8.0,8.0,40,,Whole Blood & Serum,5.6,4.83,3.13,1.99,2.54,0.6,38,12.7105,2.2697,0.106
SYN-063,3,55,Female,Married,retired,Secondary,250.0,TLD,>6,76.0,164.0,128,64,,No,0,No,0,No,Not recorded (synthetic),No,More than 3 times,No,No,no,No,,7.0,3.0,40,,Whole Blood & Serum,9.86,3.99,4.91,1.01,3.61,2.26,35,11.4,1.1562,0.5532
SYN-064,3,34,Male,Divorced,unemployed,Secondary,180.0,TLD,>6,70.2,178.0,84,51,46.0,Yes,9,Yes,4,No,Not recorded (synthetic),No,Never,No,No,no,No,,7.0,2.0,0,253.0,Whole Blood & Serum,5.0,4.38,5.38,1.04,0.39,4.16,40,10.95,2.19,-0.426
SYN-065,3,39,Female,Married,driver,Secondary,240.0,TLD,>6,45.8,157.0,128,81,,No,0,No,0,No,Not recorded (synthetic),No,,No,No,no,No,,8.0,1.0,30,,Whole Blood & Serum,5.63,6.39,2.3,0.8,0.43,1.3,47,13.5957,2.4149,-0.2696
SYN-066,3,61,Female,Married,unemployed,Secondary,310.0,TLD,>6,63.7,170.0,119,70,87.0,No,0,No,0,No,Not recorded (synthetic),No,,Yes,HPT,"Nifedipine, HCT",No,,,6.0,<20,,Whole Blood & Serum,5.84,4.4,5.09,1.5,1.66,2.84,37,11.8919,2.0363,0.044
SYN-067,3,52,Male,Single,teacher,Secondary,400.0,TLD,>6,88.1,165.0,114,78,77.0,Yes,9,No,0,No,Not recorded (synthetic),Yes,More than 3 times,Yes,HPT,Nifedipine,No,,7.0,4.0,<20,,Whole Blood & Serum,5.51,5.0,3.29,0.63,0.68,2.35,38,13.1579,2.388,0.0332
SYN-068,3,46,Female,Single,vendor,Tertiary,220.0,TLD,>6,91.7,156.0,132,94,,No,0,No,0,No,Not recorded (synthetic),Yes,Once,No,No,no,No,,7.0,5.0,129,,Whole Blood & Serum,5.42,3.55,4.86,0.81,0.47,3.84,34,10.4412,1.9264,-0.2364
SYN-069,3,51,Female,Single,self employed,Secondary,190.0,TLD,>6,74.6,164.0,117,82,,No,0,No,0,No,Not recorded (synthetic),Yes,Never,Yes,HPT,Amlodipine,No,,9.0,3.0,<20,151.0,Whole Blood & Serum,5.03,3.17,5.1,0.93,0.54,3.92,34,9.3235,1.8536,-0.2361
SYN-070,2,31,Male,Married,vendor,Secondary,,TLD,>6,86.0,172.0,142,86,,No,0,No,0,Yes,Not recorded (synthetic),No,,No,No,no,Yes,,9.0,1.0,<20,549.0,Whole Blood & Serum,5.86,6.26,3.48,0.86,3.21,1.16,42,14.9048,2.5435,0.572
SYN-071,3,48,Female,Married,hairdresser,Secondary,220.0,TLD,>6,84.6,162.0,140,92,,No,0,No,0,No,Not recorded (synthetic),Yes,Never,No,No,no,No,,10.0,4.0,<20,,Whole Blood & Serum,5.58,6.29,3.83,0.77,0.67,2.76,43,14.6279,2.6215,-0.0604
SYN-072,2,52,Female,Married,hairdresser,Secondary,80.0,TLD,>6,45.9,153.0,139,89,98.0,No,0,No,0,No,Not recorded (synthetic),No,Twice,No,No,no,Yes,,7.0,,<20,,Whole Blood & Serum,5.38,4.08,4.26,1.24,0.83,2.64,36,11.3333,2.1066,-0.1743
SYN-073,3,48,Female,Single,administrator,Secondary,120.0,TLD,>6,47.4,166.0,118,67,89.0,No,0,Yes,5,No,Not recorded (synthetic),No,Once,Yes,HPT,"HCT, Nifedipine, Enalapril",No,,6.0,2.0,<20,,Whole Blood & Serum,6.39,5.5,4.3,0.87,1.23,2.87,34,16.1765,2.5315,0.1504
SYN-074,3,37,Female,Single,administrator,Secondary,200.0,TLD,>6,79.4,180.0,125,75,88.0,No,0,No,0,No,Not recorded (synthetic),No,Never,No,No,no,No,,,,0,,Whole Blood & Serum,4.96,2.9,3.78,0.5,0.3,3.14,34,8.5294,1.7196,-0.2218
SYN-075,3,19,Female,Married,unemployed,Secondary,410.0,TLD,>6,44.2,171.0,105,75,65.0,No,0,No,0,No,Not recorded (synthetic),Yes,Never,No,No,no,No,,5.0,,0,,Whole Blood & Serum,5.09,4.51,4.53,1.35,0.37,3.01,34,13.2647,2.606,-0.5621
SYN-076,3,45,Female,Married,hairdresser,Secondary,150.0,TLD,>6,66.6,166.0,134,84,,No,0,No,0,No,Not recorded (synthetic),No,More than 3 times,Yes,HPT,Nifedipine,No,,6.0,2.0,<20,,Whole Blood & Serum,5.55,4.36,2.8,1.6,0.75,0.86,36,12.1111,2.1822,-0.3291
SYN-077,3,40,Male,Married,housewife,Secondary,400.0,TLD,>6,56.2,176.0,92,68,,No,0,Yes,4,No,Not recorded (synthetic),No,More than 3 times,Yes,HPT,HCT,No,,9.0,5.0,<20,,Whole Blood & Serum,5.3,4.07,3.59,0.77,0.81,2.45,33,12.3333,2.327,0.022
SYN-078,3,35,Female,Divorced,teacher,Tertiary,140.0,TLD,>6,56.9,163.0,123,86,,No,0,No,0,No,Not recorded (synthetic),Yes,More than 3 times,No,No,no,No,,10.0,4.0,0,28.0,Whole Blood & Serum,4.24,3.12,4.47,1.43,1.19,2.5,34,9.1765,2.1643,-0.0798
SYN-079,3,48,Male,Married,self employed,Secondary,140.0,TLD,>6,64.4,171.0,144,69,,No,0,No,0,No,Not recorded (synthetic),No,,No,No,no,No,,8.0,3.0,0,184.0,Whole Blood & Serum,5.51,5.67,3.95,0.78,1.62,2.43,39,14.5385,2.6386,0.3174
SYN-080,3,42,Male,Married,unemployed,Secondary,380.0,TLD,>6,85.0,173.0,155,106,,No,0,No,0,No,Not recorded (synthetic),No,Never,No,No,no,No,,8.0,3.0,<20,,Whole Blood & Serum,5.44,3.63,3.85,0.68,0.52,2.93,36,10.0833,1.8535,-0.1165
SYN-081,3,41,Male,Single,vendor,Secondary,60.0,TLD,>6,61.0,167.0,138,71,,No,0,No,0,No,Not recorded (synthetic),Yes,Never,No,No,no,No,,7.0,7.0,0,97.0,Whole Blood & Serum,5.78,4.44,3.79,0.69,1.41,2.46,34,13.0588,2.2593,0.3104
SYN-082,3,22,Female,Single,driver,Secondary,,TLD,>6,40.6,150.0,117,77,,No,0,No,0,No,Not recorded (synthetic),Yes,Never,No,No,no,No,,8.0,4.0,0,,Whole Blood & Serum,5.9,4.09,4.44,1.55,0.87,2.49,33,12.3939,2.1007,-0.2508
SYN-083,2,22,Female,Single,housewife,Secondary,160.0,TLD,>6,56.4,155.0,95,68,,No,0,No,0,No,Not recorded (synthetic),No,Never,No,No,no,No,,8.0,,<20,,Whole Blood & Serum,5.86,6.0,4.22,1.43,0.59,2.52,39,15.3846,2.6254,-0.3845
SYN-084,3,43,Male,Single,unemployed,Tertiary,1000.0,TLD,>6,154.8,178.0,147,89,,No,0,No,0,No,Not recorded (synthetic),Yes,Once,Yes,HPT,HCT,No,,8.0,,<20,335.0,Whole Blood & Serum,7.24,3.91,2.96,1.12,3.04,0.6,33,11.8485,1.6365,0.4337
SYN-085,3,40,Male,Married,security guard,Secondary,110.0,TLD,>6,79.0,168.0,102,71,86.0,No,0,Yes,3,No,Not recorded (synthetic),Yes,Never,Yes,HPT,"Amlodipine, Losartan",No,,7.0,10.0,<20,,Whole Blood & Serum,5.41,4.49,3.05,0.67,0.84,2.0,36,12.4722,2.3054,0.0982
SYN-086,2,41,Female,Single,teacher,Tertiary,120.0,TLD,>6,44.2,164.0,110,69,79.0,No,0,No,0,No,Not recorded (synthetic),Yes,,No,No,no,No,,,6.0,<20,,Whole Blood & Serum,6.54,5.05,3.69,1.21,1.03,2.01,39,12.9487,1.9799,-0.0699
SYN-087,3,41,Female,Married,self employed,Primary,120.0,TLD,>6,70.9,166.0,126,75,,No,0,Yes,1,No,Not recorded (synthetic),No,Never,No,No,no,No,,6.0,,<20,,Whole Blood & Serum,5.15,4.37,3.93,0.69,0.38,3.07,38,11.5,2.233,-0.2591
SYN-088,3,44,Female,Married,unemployed,Secondary,100.0,TLD,>6,115.2,160.0,139,86,83.0,No,0,No,0,No,Not recorded (synthetic),No,Never,Yes,HPT,Nifedipine,No,,6.0,1.0,0,171.0,Whole Blood & Serum,5.72,4.36,4.88,1.15,1.92,2.86,37,11.7838,2.0601,0.2226
SYN-089,2,39,Female,Single,vendor,Secondary,60.0,TLD,>6,59.9,152.0,140,88,104.0,No,0,No,0,No,Not recorded (synthetic),No,,No,No,no,No,,,2.0,0,,Whole Blood & Serum,5.8,4.3,3.9,0.81,0.64,2.8,37,11.6216,2.0037,-0.1023
SYN-090,3,41,Female,Single,retired,Secondary,160.0,TLD,>6,87.7,162.0,130,77,,No,0,Yes,3,No,Not recorded (synthetic),No,Never,No,No,no,No,,,1.0,40,92.0,Whole Blood & Serum,5.0,3.18,5.17,0.8,1.57,3.66,33,9.6364,1.9273,0.2928
SYN-091,3,42,Female,Divorced,administrator,Primary,650.0,TLD,>6,79.7,157.0,116,79,,No,0,No,0,No,Not recorded (synthetic),No,Never,No,No,no,No,,8.0,,30,,Whole Blood & Serum,6.88,5.95,5.65,0.81,2.3,3.79,34,17.5,2.5436,0.4532
SYN-092,3,50,Male,Married,unemployed,Secondary,180.0,TLD,>6,91.6,164.0,131,76,,No,0,No,0,No,Not recorded (synthetic),No,Never,Yes,HPT,Nifedipine,No,,8.0,3.0,<20,,Whole Blood & Serum,5.79,4.06,3.5,0.49,1.26,2.44,35,11.6,2.0035,0.4102
SYN-093,3,33,Female,Single,unemployed,Secondary,70.0,TLD,>6,79.6,161.0,118,72,,No,0,No,0,No,Not recorded (synthetic),No,,No,No,no,No,,10.0,5.0,30,,Whole Blood & Serum,5.71,3.39,4.02,0.56,0.87,3.06,28,12.1071,2.1203,0.1913
SYN-094,3,48,Female,Widowed,vendor,Primary,100.0,TLD,>6,72.6,162.0,148,89,,No,0,No,0,No,Not recorded (synthetic),Yes,Never,Yes,HPT,"Nifedipine, HCT",No,,6.0,,<20,176.0,Whole Blood & Serum,4.79,5.13,5.07,0.91,2.23,3.15,35,14.6571,3.0599,0.3893
SYN-095,3,46,Female,Divorced,self employed,Secondary,70.0,TLD,>6,63.4,160.0,109,77,,No,0,No,0,No,Not recorded (synthetic),Yes,Never,Yes,Arthritis,no,No,,6.0,2.0,<20,,Whole Blood & Serum,5.57,3.73,4.35,0.69,1.62,2.92,36,10.3611,1.8602,0.3707
SYN-096,2,40,Female,Married,driver,Secondary,220.0,TLD,>6,57.5,156.0,120,75,,No,0,Yes,2,No,Not recorded (synthetic),Yes,More than 3 times,No,No,no,No,,9.0,5.0,<20,82.0,Whole Blood & Serum,5.1,3.55,4.32,1.22,0.8,2.74,36,9.8611,1.9335,-0.1833
SYN-097,2,34,Female,Married,unemployed,Tertiary,270.0,TLD,>6,60.3,155.0,138,89,,No,0,No,0,No,Not recorded (synthetic),No,More than 3 times,No,No,no,No,,10.0,2.0,<20,,Whole Blood & Serum,5.73,4.5,3.51,1.35,0.48,1.94,36,12.5,2.1815,-0.4491
SYN-098,3,43,Female,Married,administrator,Tertiary,180.0,TLD,>6,72.4,161.0,119,90,,No,0,Yes,2,No,Not recorded (synthetic),No,Once,No,No,no,No,,,1.0,0,,Whole Blood & Serum,6.64,5.91,3.62,0.59,0.69,2.72,37,15.973,2.4056,0.068
SYN-099,3,49,Male,Married,housewife,Secondary,170.0,TLD,>6,53.0,164.0,133,80,67.0,No,0,No,0,No,Not recorded (synthetic),No,Never,No,No,no,No,,8.0,4.0,<20,,Whole Blood & Serum,5.84,3.93,4.4,0.58,1.5,3.14,37,10.6216,1.8188,0.4127
SYN-100,2,27,Female,Married,administrator,Tertiary,520.0,TLD,>6,50.9,151.0,121,89,,No,0,No,0,No,Not recorded (synthetic),Yes,Never,No,No,no,No,,10.0,,<20,,Whole Blood & Serum,5.35,3.7,4.59,0.9,0.3,3.55,41,9.0244,1.6868,-0.4771
SYN-101,2,40,Female,Married,administrator,Secondary,190.0,TLD,>6,61.3,157.0,123,69,,No,0,No,0,No,Not recorded (synthetic),Yes,More than 3 times,Yes,HPT,Amlodipine,No,,7.0,1.0,<20,,Whole Blood & Serum,5.28,4.55,3.14,1.7,0.78,1.09,37,12.2973,2.329,-0.3384
SYN-102,3,40,Male,Married,housewife,Secondary,90.0,TLD,>6,80.6,177.0,103,75,,No,0,No,0,Yes,Not recorded (synthetic),Yes,More than 3 times,No,No,no,No,,8.0,3.0,129,128.0,Whole Blood & Serum,5.64,5.78,3.91,0.72,0.69,2.88,39,14.8205,2.6277,-0.0185
SYN-103,3,31,Female,Married,teacher,Secondary,150.0,TLD,>6,57.7,160.0,122,77,,No,0,Yes,4,No,Not recorded (synthetic),Yes,More than 3 times,No,No,no,No,,7.0,1.0,<20,90.0,Whole Blood & Serum,4.78,4.12,5.36,1.1,0.52,4.02,34,12.1176,2.5351,-0.3254
SYN-104,3,32,Female,Married,housewife,Secondary,270.0,TLD,>6,71.4,157.0,119,94,,No,0,No,0,No,Not recorded (synthetic),No,Never,No,No,no,No,,6.0,2.0,0,183.0,Whole Blood & Serum,5.32,4.28,3.69,0.58,1.0,2.66,37,11.5676,2.1744,0.2366
SYN-105,3,21,Female,Married,unemployed,Secondary,,TLD,>6,68.4,174.0,122,75,,No,0,No,0,No,Not recorded (synthetic),No,Never,Yes,Asthma,no,No,,7.0,2.0,0,,Whole Blood & Serum,5.3,5.06,3.76,0.72,0.43,2.84,37,13.6757,2.5803,-0.2239
SYN-106,3,26,Male,Married,self employed,Secondary,400.0,TLD,>6,62.1,169.0,99,62,,No,0,No,0,No,Not recorded (synthetic),No,More than 3 times,Yes,HPT,Nifedipine,No,,,1.0,<20,,Whole Blood & Serum,5.57,4.18,4.41,1.05,1.15,2.84,36,11.6111,2.0846,0.0395
SYN-107,3,21,Female,Widowed,unemployed,Secondary,130.0,TLD,>6,42.3,155.0,122,87,,No,0,No,0,No,Not recorded (synthetic),Yes,,No,No,no,No,,8.0,6.0,0,,Whole Blood & Serum,5.25,2.41,4.11,0.88,0.53,2.99,31,7.7742,1.4808,-0.2202
SYN-108,3,32,Female,Married,vendor,Secondary,270.0,TLD,>6,45.4,149.0,130,86,100.0,No,0,No,0,No,Not recorded (synthetic),Yes,,No,No,no,No,,9.0,,<20,,Whole Blood & Serum,5.72,3.47,3.72,1.1,0.97,2.18,32,10.8438,1.8958,-0.0546
SYN-109,3,33,Female,Married,unemployed,Primary,150.0,TLD,>6,65.6,160.0,145,90,55.0,No,0,No,0,No,Not recorded (synthetic),No,Once,No,No,no,No,,7.0,,0,,Whole Blood & Serum,5.68,5.19,3.69,0.98,0.35,2.55,38,13.6579,2.4046,-0.4472
SYN-110,3,33,Male,Single,vendor,Tertiary,,TLD,>6,72.3,170.0,118,58,,No,0,Yes,5,No,Not recorded (synthetic),Yes,,No,No,no,No,,,1.0,<20,,Whole Blood & Serum,5.57,4.44,5.18,0.9,0.45,4.08,36,12.3333,2.2142,-0.301
SYN-111,2,43,Female,Married,administrator,Secondary,180.0,TLD,>6,42.6,162.0,113,78,83.0,No,0,No,0,No,Not recorded (synthetic),No,,No,No,no,No,,7.0,,<20,,Whole Blood & Serum,6.59,4.36,3.3,0.93,0.3,2.23,36,12.1111,1.8378,-0.4914
SYN-112,3,37,Female,Married,unemployed,Secondary,220.0,TLD,>6,64.7,146.0,143,87,,No,0,Yes,3,No,Not recorded (synthetic),No,,No,No,no,No,,6.0,3.0,<20,141.0,Whole Blood & Serum,5.92,4.14,2.82,1.42,0.83,1.02,34,12.1765,2.0568,-0.2332
SYN-113,3,31,Female,Single,vendor,Secondary,60.0,TLD,>6,47.8,152.0,106,72,,No,0,Yes,2,No,Not recorded (synthetic),Yes,Never,No,No,no,No,,6.0,2.0,<20,,Whole Blood & Serum,5.73,4.79,4.78,0.93,0.42,3.66,37,12.9459,2.2593,-0.3452
SYN-114,3,31,Male,Divorced,unemployed,Secondary,170.0,TLD,>6,48.2,156.0,108,66,,No,0,No,0,No,Not recorded (synthetic),Yes,Never,No,No,no,No,,7.0,2.0,1200,153.0,Whole Blood & Serum,5.89,4.94,4.91,1.17,0.95,3.31,38,13.0,2.2071,-0.0905
SYN-115,3,26,Male,Married,driver,Secondary,40.0,TLD,>6,96.7,179.0,121,89,,No,0,No,0,No,Not recorded (synthetic),Yes,More than 3 times,No,No,no,No,,8.0,1.0,0,,Whole Blood & Serum,5.39,5.6,2.91,0.84,0.3,1.93,42,13.3333,2.4737,-0.4472
SYN-116,2,37,Male,Divorced,administrator,Secondary,120.0,TLD,>6,86.1,164.0,115,75,74.0,No,0,No,0,No,Not recorded (synthetic),No,More than 3 times,No,No,no,No,,,3.0,0,,Whole Blood & Serum,5.21,4.24,4.72,0.93,3.34,2.27,36,11.7778,2.2606,0.5553
SYN-117,3,37,Male,Married,unemployed,Secondary,240.0,TLD,>6,70.2,182.0,144,87,,No,0,Yes,4,No,Not recorded (synthetic),Yes,Once,No,No,no,No,,8.0,9.0,<20,,Whole Blood & Serum,5.22,4.62,4.28,0.66,1.16,3.09,36,12.8333,2.4585,0.2449
SYN-118,2,58,Female,Single,unemployed,Secondary,50.0,TLD,>6,70.9,168.0,149,78,,No,0,No,0,No,Not recorded (synthetic),No,Never,No,No,no,No,,9.0,3.0,0,,Whole Blood & Serum,5.85,4.58,4.34,0.5,0.32,3.69,37,12.3784,2.116,-0.1938
SYN-119,2,57,Male,Single,vendor,Secondary,240.0,TLD,>6,64.7,177.0,102,68,,No,0,Yes,4,No,Not recorded (synthetic),No,,No,No,no,No,,7.0,5.0,<20,,Whole Blood & Serum,6.47,5.38,4.51,0.8,0.3,3.57,40,13.45,2.0788,-0.426
SYN-120,3,56,Female,Married,administrator,Secondary,10.0,TLD,>6,79.4,157.0,109,64,,No,0,Yes,2,No,Not recorded (synthetic),Yes,Once,Yes,Ulcers,no,No,,9.0,,<20,,Whole Blood & Serum,5.37,5.88,5.97,0.97,0.5,4.77,43,13.6744,2.5464,-0.2878
SYN-121,3,63,Female,Married,vendor,Secondary,220.0,TLD,>6,91.1,164.0,135,95,76.0,No,0,No,0,No,Not recorded (synthetic),No,Never,Yes,HPT,Amlodipine,No,,8.0,,129,,Whole Blood & Serum,5.87,5.16,5.19,0.81,1.88,3.53,38,13.5789,2.3133,0.3657
